product_id,product_name,category,price,stock_quantity,date_added
P1352,Cheese,meubles,"2,344.23 €",258.0,2025-06-07
P1689,Frozen Shirt,accessoires,"1,620.50 €",,2025-05-05
P1485,Generic Fish,Électroménager,"1,735.99 €",185.0,2025-08-10
P1388,Handcrafted Granite Pants,meubles,574.47 €,273.0,2024-04-08
P1031,Awesome Shoes,electronique,"2,485.48 €",360.0,2024-12-20
P1442,Incredible Salad,electronique,948.53 €,221.0,2024-02-27
P1198,Shoes,meubles,"1,762.61 €",338.0,2024-08-21
P1425,Chicken,meubles,"2,186.65 €",356.0,2023-10-23
P1107,Rustic Computer,Électronique,111.18 €,425.0,2025-02-12
P1714,Gently Used Shoes,électronique,"2,946.27 €",348.0,2024-05-26
P1552,Sleek Steel Chair,Cuisine,"1,990.75 €",112.0,2025-02-14
P1675,Rustic Bacon,Electromenager,"1,334.66 €",288.0,2024-02-15
P1158,Generic Chips,Electromenager,"2,893.56 €",66.0,2025-01-17
P1475,Concrete Chicken,Electromenager,649.43 €,336.0,2023-12-12
P1423,Car,Cuisine,"2,538.96 €",359.0,2024-01-31
P1210,Computer,Electromenager,129.12 €,325.0,2024-10-17
P1617,Plastic Towels,Accessoires,"1,375.75 €",30.0,2024-08-06
P1483,Plastic Fish,Electromenager,"2,073.01 €",426.0,2025-08-17
P1884,Wooden Fish,Cuisine,"1,046.75 €",,2025-05-29
P1650,Concrete Bike,Accessoires,"2,377.17 €",153.0,2024-02-17
P1244,Sleek Chair,accessoires,974.95 €,239.0,2024-09-04
P1847,For repair Bike,electronique,"2,639.68 €",234.0,2025-09-22
P1982,Chair,accessoires,697.20 €,276.0,2024-02-12
P1828,Pizza,Électroménager,467.87 €,347.0,2024-09-18
P1570,New Mouse,accessoires,478.26 €,131.0,2024-11-17
P1059,Soft Pants,Livres,"2,057.85 €",308.0,2023-11-18
P1290,Frozen Chair,électronique,,225.0,2024-02-06
P1070,Fish,meubles,"2,602.27 €",350.0,2024-07-21
P1344,Used Granite Chips,Cuisine,694.20 €,,2025-07-02
P1184,Shirt,accessoires,"2,405.40 €",432.0,2024-12-24
P1141,Fresh Chicken,Accessoires,"2,613.59 €",17.0,2025-09-20
P1390,Rubber Sausages,Accessoires,"2,982.87 €",,2024-01-03
P1491,Granite Shoes,electronique,"2,004.23 €",4.0,2023-11-21
P1826,For repair Plastic Tuna,électronique,"1,187.15 €",430.0,2023-11-30
P1101,Used Fish,Meubles,"2,275.88 €",146.0,2023-11-29
P1749,Towels,Livres,865.47 €,420.0,2023-12-12
P1551,Licensed Concrete Chicken,accessoires,681.87 €,95.0,2025-07-06
P1306,Awesome Computer,Électronique,"2,830.69 €",466.0,2024-12-17
P1986,Refined Computer,Livres,867.81 €,487.0,2025-01-23
P1321,Rustic Concrete Shoes,Électronique,"2,660.12 €",,2024-02-18
P1799,Fish,Accessoires,"1,658.28 €",-5.0,2024-06-05
P1730,Generic Sausages,accessoires,"2,337.15 €",354.0,2025-02-02
P1677,Concrete Shirt,Électroménager,127.16 €,308.0,2024-10-26
P1653,Rustic Bike,électronique,"1,131.56 €",18.0,2025-09-03
P1076,Practical Chair,Électroménager,"2,199.11 €",,2025-03-31
P1192,Fish,electromenager,"1,607.09 €",313.0,2025-10-12
P1086,Practical Rubber Bike,accessoires,616.57 €,60.0,2023-10-26
P1458,Frozen Ball,Électronique,"2,393.80 €",377.0,2024-04-09
P1439,Plastic Computer,Cuisine,796.93 €,305.0,2024-08-04
P1918,Mouse,Cuisine,541.07 €,350.0,2024-12-10
P1660,Small Bacon,électronique,"1,230.31 €",211.0,2024-04-13
P1309,Soft Table,Accessoires,219.13 €,441.0,2025-05-02
P1743,Hat,Electromenager,629.42 €,253.0,2024-07-12
P1873,Wooden Shoes,accessoires,"1,056.17 €",402.0,2023-12-30
P1398,Refined Concrete Ball,Electromenager,"1,842.96 €",308.0,2025-01-10
P1616,Bacon,Cuisine,,73.0,2025-07-01
P1049,Generic Granite Table,Électroménager,"2,720.58 €",328.0,2025-08-05
P1199,Generic Rubber Shirt,Livres,"1,312.28 €",319.0,2025-09-26
P1598,Gloves,meubles,457.80 €,426.0,2024-11-11
P1969,Computer,meubles,"1,213.75 €",267.0,2025-08-13
P1882,Gently Used Wooden Bacon,Électroménager,596.00 €,-10.0,2024-01-06
P1428,Awesome Plastic Tuna,Cuisine,"2,573.06 €",112.0,2024-07-25
P1497,Licensed Ball,Cuisine,888.28 €,325.0,2025-06-18
P1603,Handcrafted Shoes,Meubles,"2,001.85 €",332.0,2025-02-01
P1010,Gorgeous Concrete Pizza,Accessoires,"2,487.78 €",235.0,2025-09-28
P1888,Awesome Bike,electronique,111.70 €,413.0,2024-09-26
P1670,Mouse,Meubles,"1,121.59 €",34.0,2025-01-14
P1937,Licensed Wooden Computer,Électronique,"2,588.26 €",-10.0,2024-02-27
P1928,Fresh Chips,accessoires,"1,657.61 €",303.0,2024-01-22
P1557,Towels,Cuisine,540.10 €,141.0,2025-08-23
P1636,Small Gloves,Électroménager,"2,555.52 €",159.0,2025-03-03
P1833,Small Chips,electronique,788.61 €,6.0,2024-11-19
P1371,New Wooden Pants,electronique,"2,987.63 €",4.0,2024-09-03
P1834,Mouse,accessoires,"2,266.27 €",-9.0,2024-10-31
P1582,Awesome Cotton Sausages,Accessoires,,219.0,2024-05-17
P1333,Handcrafted Granite Chair,accessoires,"1,154.11 €",59.0,2024-07-31
P1945,Rustic Pants,Electromenager,"1,205.44 €",233.0,2024-12-19
P1210,Computer,Electromenager,129.12 €,325.0,2024-10-17
P1319,Rubber Ball,Meubles,248.78 €,460.0,2024-01-22
P1457,Cotton Table,Électroménager,"2,368.82 €",222.0,2024-03-07
P1088,Fish,electromenager,"2,042.77 €",436.0,2025-09-17
P1879,Ergonomic Granite Pizza,Électronique,"2,014.45 €",401.0,2024-04-24
P1350,Incredible Shoes,Accessoires,"2,408.14 €",-9.0,2024-11-13
P1218,Fantastic Cheese,Accessoires,553.14 €,447.0,2024-08-29
P1413,Plastic Gloves,meubles,439.29 €,,2024-02-21
P1277,Soft Soap,Électronique,"1,722.30 €",30.0,2024-03-12
P1959,Soft Table,Cuisine,413.00 €,-1.0,2024-01-08
P1925,Pants,Meubles,"2,927.33 €",379.0,2024-09-02
P1213,Keyboard,electronique,"1,361.11 €",180.0,2025-01-13
P1096,Intelligent Towels,Électronique,262.01 €,368.0,2024-05-17
P1078,Chicken,Livres,"1,901.31 €",431.0,2024-09-02
P1703,Fresh Chicken,Electromenager,507.76 €,460.0,2025-03-02
P1136,Granite Fish,électronique,"2,174.79 €",395.0,2024-07-06
P1208,For repair Ball,electronique,968.37 €,294.0,2025-06-12
P1522,Frozen Shoes,Electromenager,"2,509.96 €",434.0,2024-05-30
P1837,New Granite Tuna,Électronique,572.25 €,-3.0,2025-04-10
P1732,Bacon,Livres,"1,016.51 €",337.0,2024-06-12
P1568,Practical Concrete Computer,Cuisine,836.94 €,69.0,2024-05-11
P1260,Soft Car,Electromenager,"1,474.00 €",402.0,2024-09-30
P1467,Pants,Accessoires,"1,778.00 €",477.0,2024-11-01
P1039,Fish,électronique,"1,712.97 €",,2023-11-09
P1030,Towels,Livres,906.78 €,29.0,2023-12-20
P1697,Soft Bike,Électronique,"2,588.58 €",78.0,2024-04-13
P1451,Refined Soap,electronique,"1,143.64 €",231.0,2024-03-01
P1054,Ball,électronique,"1,873.21 €",-5.0,2023-12-25
P1023,Steel Keyboard,électronique,"1,150.77 €",360.0,2025-06-28
P1513,Gorgeous Salad,electronique,"1,121.43 €",,2025-09-09
P1113,Salad,accessoires,"1,795.90 €",184.0,2024-09-13
P1109,Small Ball,Livres,"1,195.21 €",16.0,2025-04-11
P1506,Rustic Keyboard,electronique,"1,683.48 €",308.0,2025-04-02
P1966,Pants,Livres,"1,320.07 €",171.0,2023-10-23
P1949,Fantastic Cheese,Cuisine,"1,571.05 €",427.0,2024-12-25
P1003,Unbranded Soft Chair,Électronique,"2,066.92 €",365.0,2024-11-12
P1275,Chicken,accessoires,"2,760.80 €",223.0,2024-02-05
P1656,Tasty Chicken,Livres,"1,020.94 €",-5.0,2023-12-09
P1784,Cotton Towels,Électroménager,"2,706.06 €",100.0,2024-11-23
P1854,Wooden Soap,Cuisine,348.48 €,87.0,2025-07-12
P1759,Gorgeous Steel Chicken,electronique,"2,762.49 €",498.0,2025-06-13
P1796,Handmade Cotton Table,electromenager,"2,641.21 €",27.0,2025-05-13
P1902,Licensed Chair,electronique,"2,441.09 €",224.0,2024-12-14
P1394,Tasty Frozen Table,electromenager,"1,447.92 €",163.0,2024-01-21
P1486,Granite Tuna,Accessoires,426.91 €,347.0,2025-09-26
P1614,Soft Tuna,electromenager,709.90 €,77.0,2025-02-28
P1877,Tuna,électronique,39.81 €,481.0,2025-02-15
P1174,Used Pants,Électronique,932.46 €,284.0,2025-10-12
P1917,Plastic Car,electromenager,"1,591.44 €",26.0,2023-11-16
P1058,New Bacon,Électronique,,184.0,2024-05-29
P1265,Car,électronique,"2,450.84 €",112.0,2024-05-22
P1063,Computer,electromenager,441.50 €,335.0,2024-02-27
P1789,Intelligent Steel Shirt,meubles,"2,055.93 €",470.0,2024-10-07
P1261,Ball,electronique,655.91 €,324.0,2024-12-20
P1100,Bike,electromenager,"2,844.46 €",,2025-04-26
P1924,Refined Cotton Towels,Meubles,779.61 €,7.0,2024-07-07
P1299,Soft Bike,Meubles,420.26 €,254.0,2024-12-10
P1615,Car,Electromenager,"2,951.39 €",54.0,2025-05-02
P1178,Unbranded Granite Sausages,Accessoires,"2,858.04 €",-5.0,2024-12-30
P1933,Fresh Gloves,meubles,45.29 €,177.0,2025-09-30
P1778,Refined Concrete Chicken,Meubles,"1,012.30 €",272.0,2025-04-02
P1139,Gloves,Meubles,"1,076.53 €",481.0,2025-05-10
P1803,Sleek Soap,Électronique,"1,069.11 €",227.0,2025-10-03
P1168,New Gloves,Électroménager,747.79 €,402.0,2023-11-04
P1066,Gorgeous Bacon,electronique,"2,877.14 €",317.0,2024-10-19
P1256,New Chicken,Accessoires,627.17 €,76.0,2023-11-13
P1067,Gloves,électronique,"1,756.68 €",189.0,2025-07-15
P1986,Refined Computer,Livres,867.81 €,487.0,2025-01-23
P1012,Handcrafted Rubber Chair,Cuisine,346.75 €,457.0,2025-02-01
P1531,Concrete Shoes,meubles,"1,043.08 €",364.0,2024-11-24
P1319,Rubber Ball,Meubles,248.78 €,460.0,2024-01-22
P1984,Steel Sausages,Accessoires,141.33 €,438.0,2025-02-12
P1866,Plastic Ball,Meubles,"1,002.86 €",64.0,2025-02-10
P1576,Tuna,meubles,92.98 €,495.0,2025-07-19
P1334,Tuna,Cuisine,"1,030.33 €",469.0,2024-05-03
P1286,Tasty Plastic Chair,Cuisine,"1,409.69 €",189.0,2024-11-12
P1911,Wooden Tuna,Cuisine,"1,936.52 €",155.0,2024-11-18
P1323,Intelligent Wooden Ball,electromenager,"1,145.39 €",71.0,2024-03-02
P1890,Chips,meubles,158.38 €,,2025-06-30
P1536,Tasty Mouse,Électroménager,"2,431.53 €",,2025-07-22
P1692,Incredible Shirt,meubles,649.62 €,37.0,2025-08-23
P1649,Soft Shoes,Meubles,"1,613.58 €",201.0,2024-06-27
P1528,Tasty Steel Bike,Meubles,"2,795.06 €",80.0,2025-01-24
P1513,Gorgeous Salad,electronique,"1,121.43 €",,2025-09-09
P1585,Keyboard,Livres,122.10 €,175.0,2024-06-13
P1002,Salad,Électronique,"2,856.45 €",76.0,2024-01-21
P1445,New Car,Accessoires,"2,865.12 €",425.0,2025-06-03
P1237,Sleek Bike,Cuisine,"2,147.58 €",440.0,2024-01-28
P1495,Generic Shoes,Électroménager,"2,825.39 €",275.0,2024-04-21
P1781,Chips,Meubles,240.77 €,189.0,2023-11-16
P1327,Shirt,meubles,749.23 €,197.0,2025-08-28
P1547,Cotton Gloves,Electromenager,"1,802.92 €",469.0,2025-08-23
P1858,Refined Plastic Salad,accessoires,450.91 €,380.0,2024-12-25
P1529,Mouse,Livres,"1,862.31 €",432.0,2024-03-16
P1346,Frozen Shirt,Électroménager,"1,116.34 €",441.0,2025-06-21
P1883,Unbranded Fresh Shirt,Électroménager,,206.0,2025-03-11
P1583,Refined Computer,meubles,335.49 €,301.0,2024-01-25
P1593,Keyboard,Accessoires,"2,492.89 €",378.0,2025-09-25
P1587,Rustic Mouse,electromenager,"1,447.25 €",127.0,2025-04-05
P1308,Fish,électronique,"1,673.82 €",458.0,2023-12-20
P1059,Soft Pants,Livres,"2,057.85 €",308.0,2023-11-18
P1993,Chips,electronique,610.50 €,386.0,2024-01-29
P1231,Concrete Pants,Électronique,"1,666.12 €",22.0,2025-02-10
P1629,Generic Computer,accessoires,"1,938.69 €",214.0,2025-06-01
P1601,Tasty Mouse,Cuisine,"1,142.83 €",-9.0,2025-10-02
P1662,Refined Granite Tuna,Livres,"2,563.93 €",249.0,2025-03-31
P1136,Granite Fish,électronique,"2,174.79 €",395.0,2024-07-06
P1915,Gently Used Soap,Livres,"1,499.34 €",477.0,2024-03-06
P1314,Car,meubles,"2,770.72 €",,2024-07-11
P1106,Generic Metal Chips,Électroménager,382.95 €,256.0,2025-08-24
P1823,Handmade Tuna,Meubles,"1,024.12 €",,2024-07-23
P1055,Unbranded Wooden Cheese,electronique,"1,476.28 €",-8.0,2025-02-14
P1120,Concrete Ball,meubles,"2,910.67 €",189.0,2024-03-08
P1370,Small Chair,Meubles,"2,923.16 €",132.0,2025-03-07
P1025,Unbranded Bike,electronique,140.98 €,152.0,2024-08-31
P1072,Fish,Meubles,"1,768.68 €",210.0,2024-10-13
P1549,Pants,electromenager,"2,178.29 €",97.0,2025-02-16
P1044,Concrete Chips,accessoires,38.07 €,-6.0,2025-02-18
P1296,Handcrafted Computer,Meubles,726.43 €,364.0,2025-09-02
P1328,Salad,Electromenager,"2,575.66 €",412.0,2024-03-16
P1247,Wooden Cheese,electronique,81.20 €,109.0,2024-01-01
P1336,Granite Chair,meubles,805.95 €,140.0,2025-09-09
P1351,Shoes,Livres,952.77 €,237.0,2025-10-11
P1361,Chair,Electromenager,"1,978.34 €",493.0,2025-07-12
P1737,Incredible Fresh Mouse,accessoires,"1,839.93 €",287.0,2023-11-24
P1960,Concrete Tuna,meubles,"1,379.28 €",253.0,2024-12-31
P1420,Tasty Bacon,meubles,"2,161.84 €",52.0,2024-10-17
P1381,Rustic Steel Computer,Accessoires,"1,269.71 €",3.0,2025-01-22
P1694,Refined Gloves,electronique,"1,307.31 €",76.0,2025-08-19
P1539,Unbranded Pizza,electromenager,"1,311.48 €",,2024-01-26
P1449,Soap,Livres,"2,101.01 €",400.0,2023-11-26
P1622,Fresh Chicken,Accessoires,"1,537.56 €",348.0,2024-07-08
P1209,Gently Used Fresh Salad,Meubles,"2,796.56 €",445.0,2024-04-25
P1554,Gloves,electromenager,495.27 €,447.0,2025-08-15
P1636,Small Gloves,Électroménager,"2,555.52 €",159.0,2025-03-03
P1481,For repair Frozen Salad,electromenager,54.43 €,49.0,2025-01-12
P1432,Used Gloves,electromenager,121.60 €,409.0,2024-01-19
P1626,Gently Used Soft Towels,accessoires,"1,705.15 €",291.0,2025-02-10
P1060,Generic Sausages,Electromenager,571.53 €,20.0,2024-12-14
P1621,Metal Hat,Meubles,"2,977.90 €",420.0,2025-10-09
P1755,Handmade Granite Chips,électronique,"2,228.50 €",102.0,2024-12-05
P1092,Steel Mouse,Cuisine,"2,014.68 €",345.0,2024-05-29
P1901,Intelligent Soft Keyboard,electronique,"1,230.28 €",212.0,2023-12-29
P1462,Handcrafted Wooden Mouse,Livres,"2,812.05 €",302.0,2025-08-06
P1666,Cotton Pants,accessoires,"2,742.33 €",,2025-09-26
P1976,Cotton Chicken,Accessoires,849.58 €,-2.0,2024-12-18
P1477,Plastic Keyboard,électronique,"1,685.58 €",5.0,2024-08-30
P1332,Frozen Sausages,électronique,"2,343.72 €",293.0,2024-04-11
P1938,Plastic Tuna,électronique,745.19 €,-9.0,2024-06-01
P1700,Intelligent Rubber Towels,Accessoires,,468.0,2025-06-13
P1464,Licensed Rubber Bacon,meubles,"1,289.74 €",11.0,2024-04-14
P1355,Generic Chicken,électronique,"2,514.09 €",301.0,2024-04-10
P1362,Rubber Shoes,Accessoires,"1,830.96 €",238.0,2024-09-08
P1312,Awesome Frozen Pizza,Cuisine,"1,485.69 €",,2024-08-23
P1318,Fish,Accessoires,313.11 €,380.0,2025-09-04
P1973,Soft Ball,meubles,"2,463.30 €",-5.0,2024-08-28
P1380,Tasty Shoes,Electromenager,"1,278.89 €",174.0,2024-09-01
P1182,Awesome Fish,Electromenager,"1,790.74 €",397.0,2023-10-27
P1716,Used Gloves,Meubles,"1,190.13 €",32.0,2024-06-10
P1110,Metal Soap,electromenager,"2,033.40 €",156.0,2024-09-03
P1530,Rustic Fresh Shirt,Électronique,"2,605.39 €",124.0,2025-07-12
P1377,New Car,Meubles,"1,903.57 €",180.0,2024-01-07
P1713,Refined Chair,Meubles,"1,939.88 €",76.0,2024-10-05
P1872,Gorgeous Granite Bike,Meubles,"2,381.91 €",,2025-07-21
P1939,Table,meubles,"2,349.60 €",393.0,2024-09-10
P1731,Car,Électronique,"2,048.18 €",405.0,2025-03-11
P1292,Pants,meubles,"1,079.25 €",200.0,2024-07-25
P1436,Plastic Chips,meubles,681.28 €,,2024-02-01
P1835,Gloves,electronique,"2,489.61 €",270.0,2024-11-08
P1307,Used Steel Towels,Electromenager,"2,014.11 €",82.0,2025-05-26
P1289,Soap,Cuisine,"1,434.93 €",,2024-11-02
P1968,Chicken,Cuisine,"1,469.50 €",,2024-10-26
P1215,Plastic Gloves,electronique,"1,000.97 €",354.0,2023-12-07
P1630,Practical Concrete Soap,Accessoires,"1,266.25 €",407.0,2024-08-18
P1280,Unbranded Granite Hat,Meubles,806.56 €,26.0,2024-07-25
P1673,Intelligent Wooden Chips,Accessoires,"2,630.86 €",485.0,2025-10-11
P1450,Steel Gloves,Cuisine,757.85 €,-5.0,2025-09-17
P1298,Practical Cotton Gloves,Meubles,"1,195.83 €",190.0,2025-03-01
P1785,Chair,Électronique,"1,741.78 €",376.0,2025-05-15
P1137,Fresh Fish,Electromenager,771.09 €,200.0,2024-01-26
P1305,Small Tuna,Electromenager,"1,462.96 €",186.0,2025-10-12
P1807,New Wooden Bacon,Électroménager,"2,601.60 €",441.0,2023-12-28
P1294,Frozen Keyboard,Cuisine,334.72 €,369.0,2025-08-22
P1599,Tasty Gloves,Électronique,"1,294.86 €",440.0,2024-08-14
P1581,Practical Granite Sausages,electronique,,302.0,2025-09-23
P1029,Gently Used Soft Shirt,accessoires,"2,202.78 €",63.0,2025-05-09
P1165,Shirt,Électroménager,"2,686.43 €",61.0,2024-09-01
P1248,Gently Used Soft Shirt,Electromenager,"1,894.03 €",,2025-06-03
P1310,Shirt,Accessoires,"1,976.05 €",127.0,2025-07-16
P1685,Table,électronique,882.30 €,-5.0,2024-01-29
P1843,Sleek Granite Chair,Électronique,"2,696.01 €",379.0,2024-03-20
P1342,Rustic Pizza,electromenager,"2,939.66 €",,2024-05-08
P1605,Generic Hat,meubles,"1,258.79 €",143.0,2025-03-28
P1526,Tasty Frozen Cheese,Livres,201.88 €,171.0,2024-06-14
P1065,For repair Rubber Soap,electronique,"1,213.58 €",271.0,2024-05-28
P1631,Car,electromenager,"2,217.26 €",101.0,2024-07-04
P1891,Gorgeous Wooden Chair,Livres,831.43 €,323.0,2025-02-26
P1254,Plastic Shoes,electromenager,"2,045.59 €",203.0,2024-03-23
P1718,Practical Wooden Bacon,électronique,"2,637.26 €",404.0,2025-05-16
P1770,Soft Gloves,electromenager,668.39 €,252.0,2024-12-25
P1221,Tasty Steel Bike,accessoires,764.64 €,377.0,2023-10-24
P1235,Rustic Ball,electronique,"2,878.99 €",388.0,2024-07-30
P1429,Rubber Table,Meubles,"2,500.67 €",,2025-01-10
P1543,Handcrafted Granite Gloves,Cuisine,"2,430.31 €",294.0,2025-02-08
P1440,Refined Frozen Bacon,electronique,"1,543.49 €",13.0,2024-03-31
P1588,Tasty Cotton Pants,meubles,"1,048.64 €",,2025-06-02
P1972,Bacon,electromenager,"2,193.57 €",468.0,2025-05-03
P1249,Pants,Électroménager,756.15 €,96.0,2024-08-30
P1578,Ergonomic Bike,accessoires,,161.0,2024-05-08
P1409,Soap,Électroménager,"1,492.79 €",69.0,2024-12-27
P1071,Handmade Cotton Sausages,Electromenager,"1,470.91 €",369.0,2024-09-22
P1094,Small Computer,Meubles,"1,975.98 €",327.0,2024-11-26
P1033,Steel Chicken,Électronique,"1,195.21 €",334.0,2024-08-29
P1644,Ball,Accessoires,"1,404.95 €",289.0,2025-01-17
P1259,Sleek Car,electronique,"1,112.71 €",334.0,2024-08-16
P1204,Ergonomic Towels,Électroménager,"2,328.32 €",72.0,2023-12-20
P1798,Bike,accessoires,879.12 €,117.0,2025-08-31
P1620,Shirt,electromenager,"1,643.56 €",324.0,2024-06-16
P1365,Bacon,Electromenager,"1,855.49 €",258.0,2023-10-31
P1077,Tasty Soft Cheese,Livres,870.92 €,161.0,2024-04-12
P1084,Awesome Metal Ball,Livres,771.46 €,54.0,2024-10-25
P1994,Tasty Keyboard,Livres,847.18 €,128.0,2024-10-08
P1082,Shirt,Meubles,545.45 €,-9.0,2024-07-22
P1525,Metal Sausages,Électronique,"2,197.91 €",116.0,2024-08-06
P1439,Plastic Computer,Cuisine,796.93 €,305.0,2024-08-04
P1567,Cotton Fish,Accessoires,287.72 €,,2025-10-16
P1560,Fish,Electromenager,"1,451.90 €",172.0,2025-08-30
P1542,Sleek Soft Chair,Électroménager,"2,726.58 €",107.0,2025-01-19
P1887,Cotton Gloves,accessoires,"1,099.28 €",451.0,2024-07-14
P1331,Gorgeous Chips,meubles,"2,410.47 €",3.0,2024-02-09
P1005,Incredible Frozen Hat,Électronique,"1,166.43 €",412.0,2025-06-29
P1479,Ergonomic Concrete Pizza,electromenager,"2,630.12 €",226.0,2025-09-17
P1104,Gorgeous Rubber Pants,Électroménager,"2,485.54 €",119.0,2023-12-08
P1097,Mouse,accessoires,"2,029.49 €",275.0,2025-08-12
P1832,Steel Keyboard,Cuisine,"1,570.36 €",447.0,2024-12-07
P1787,Practical Car,Livres,"2,879.59 €",235.0,2024-01-28
P1424,Gorgeous Fish,Accessoires,"1,578.81 €",,2023-12-14
P1934,Tasty Pants,Livres,"2,743.82 €",25.0,2024-07-20
P1281,Gorgeous Cotton Gloves,Cuisine,"1,625.00 €",221.0,2024-02-15
P1266,Concrete Shirt,Electromenager,626.98 €,228.0,2025-07-18
P1534,Handcrafted Tuna,Électronique,"1,268.06 €",,2025-08-07
P1453,Incredible Rubber Bike,Cuisine,392.30 €,432.0,2025-02-23
P1359,Awesome Chicken,accessoires,110.95 €,116.0,2025-05-20
P1490,Computer,Électronique,"2,202.61 €",394.0,2024-05-16
P1991,Rubber Towels,Accessoires,"1,787.83 €",-9.0,2024-07-24
P1816,Gorgeous Fresh Chicken,Livres,810.97 €,14.0,2025-08-31
P1118,Plastic Fish,Électronique,893.24 €,,2025-04-04
P1634,Shoes,meubles,584.82 €,156.0,2024-04-01
P1250,Soap,Électroménager,"1,294.06 €",313.0,2025-05-18
P1405,Sausages,meubles,"2,248.85 €",213.0,2024-04-21
P1717,Licensed Fresh Computer,electronique,"1,764.73 €",347.0,2025-05-01
P1704,Rubber Gloves,Meubles,410.86 €,74.0,2025-01-09
P1009,Refined Computer,Électroménager,818.96 €,18.0,2025-03-21
P1859,Cotton Soap,Cuisine,446.84 €,377.0,2025-06-13
P1196,Ball,accessoires,948.02 €,259.0,2024-04-22
P1652,Towels,Accessoires,608.65 €,124.0,2025-05-20
P1081,Ergonomic Table,Électroménager,"1,384.49 €",393.0,2025-08-26
P1447,Mouse,Électronique,951.20 €,453.0,2024-11-25
P1533,Tasty Tuna,électronique,729.97 €,174.0,2023-10-24
P1668,Intelligent Chicken,Livres,"2,691.03 €",467.0,2024-08-13
P1239,Rubber Chips,Accessoires,538.09 €,24.0,2024-11-02
P1411,Small Concrete Mouse,accessoires,93.99 €,162.0,2025-07-30
P1211,Steel Mouse,Électronique,"1,450.10 €",445.0,2024-01-30
P1773,Sausages,electromenager,"2,509.48 €",453.0,2025-05-12
P1545,Ball,Cuisine,"1,951.01 €",282.0,2024-03-20
P1519,Generic Pants,accessoires,"1,307.48 €",441.0,2024-10-31
P1227,Concrete Tuna,Cuisine,,,2025-04-12
P1922,Intelligent Ball,Cuisine,"1,754.15 €",224.0,2024-08-01
P1404,Cheese,Cuisine,"2,758.08 €",259.0,2025-02-25
P1889,Wooden Computer,accessoires,"1,974.80 €",393.0,2024-06-06
P1177,Granite Soap,Electromenager,266.18 €,215.0,2024-12-24
P1626,Gently Used Soft Towels,accessoires,"1,705.15 €",291.0,2025-02-10
P1465,Practical Granite Computer,électronique,"2,054.40 €",,2025-06-30
P1430,Incredible Wooden Soap,accessoires,"1,553.35 €",23.0,2024-12-24
P1532,Fish,Livres,"1,158.68 €",17.0,2025-03-11
P1695,Fantastic Hat,Livres,"2,744.27 €",112.0,2024-02-10
P1478,Fresh Table,accessoires,907.56 €,19.0,2025-05-27
P1688,Refined Gloves,electromenager,83.80 €,414.0,2023-12-22
P1007,Steel Salad,Cuisine,339.94 €,482.0,2025-04-23
P1155,Fantastic Cotton Chair,accessoires,,425.0,2025-03-19
P1357,Unbranded Chair,meubles,"2,816.40 €",244.0,2025-07-03
P1584,Awesome Ball,Cuisine,47.62 €,117.0,2025-01-26
P1223,Keyboard,Électronique,"1,480.12 €",166.0,2025-08-06
P1329,Metal Bacon,électronique,,42.0,2025-07-04
P1633,Soft Bike,Meubles,"1,349.89 €",198.0,2024-03-24
P1822,Ergonomic Pizza,Électronique,"2,729.87 €",84.0,2025-09-16
P1868,Gorgeous Bike,meubles,626.77 €,141.0,2023-12-20
P1611,Pizza,accessoires,"1,608.76 €",118.0,2025-06-19
P1096,Intelligent Towels,Électronique,262.01 €,368.0,2024-05-17
P1746,Chips,Meubles,"1,067.56 €",104.0,2024-07-19
P1678,Fantastic Fresh Salad,Electromenager,502.40 €,456.0,2025-06-27
P1809,Keyboard,electronique,317.99 €,162.0,2024-03-28
P1494,Gently Used Rubber Pizza,electronique,"2,430.48 €",130.0,2024-09-02
P1572,Used Soft Ball,électronique,,,2023-11-17
P1628,For repair Salad,Electromenager,"2,310.33 €",206.0,2024-11-03
P1762,Concrete Ball,Électroménager,762.69 €,411.0,2024-04-25
P1958,Licensed Computer,Électronique,574.63 €,213.0,2024-01-23
P1163,Fresh Salad,electromenager,"2,128.15 €",-10.0,2024-11-29
P1228,Incredible Rubber Mouse,Électronique,694.90 €,91.0,2024-10-09
P1523,Small Frozen Hat,Cuisine,"2,884.19 €",469.0,2024-03-20
P1786,Used Rubber Ball,Électronique,"2,296.99 €",245.0,2025-05-11
P1212,Gently Used Hat,electronique,637.26 €,360.0,2023-10-20
P1825,Soft Bacon,Cuisine,"1,170.52 €",374.0,2024-08-24
P1079,Bike,accessoires,"1,500.94 €",323.0,2024-12-05
P1148,Hat,meubles,"2,055.41 €",337.0,2024-08-14
P1302,Plastic Ball,Meubles,"2,149.74 €",452.0,2025-03-28
P1448,Intelligent Chips,Meubles,"2,753.40 €",-6.0,2024-12-09
P1501,Frozen Cheese,meubles,,231.0,2024-12-01
P1548,Tasty Steel Soap,Accessoires,"1,260.08 €",77.0,2024-03-26
P1841,Handcrafted Rubber Hat,Accessoires,,82.0,2024-06-13
P1043,Gorgeous Mouse,electronique,"2,179.99 €",412.0,2025-01-27
P1493,Bacon,électronique,"1,006.43 €",338.0,2024-10-03
P1133,Soft Pants,Meubles,"2,490.54 €",402.0,2025-10-18
P1594,Fantastic Salad,Meubles,"2,433.59 €",427.0,2024-02-22
P1311,Small Salad,Livres,224.58 €,471.0,2025-01-15
P1507,Gently Used Concrete Chips,meubles,796.85 €,11.0,2025-10-02
P1655,Mouse,accessoires,"2,607.51 €",162.0,2025-07-29
P1516,Soft Table,Electromenager,"1,288.70 €",483.0,2024-02-24
P1849,Small Concrete Towels,electronique,703.81 €,379.0,2024-02-06
P1811,For repair Bike,accessoires,507.42 €,296.0,2025-04-13
P1000,Fresh Bacon,electronique,222.43 €,192.0,2024-08-23
P1782,Frozen Shoes,accessoires,"2,763.78 €",208.0,2025-04-04
P1382,Licensed Wooden Table,Électronique,"2,468.10 €",234.0,2025-03-10
P1316,Intelligent Cheese,Électronique,120.15 €,170.0,2024-05-27
P1761,Metal Table,Électronique,"2,886.29 €",309.0,2025-02-22
P1591,Computer,accessoires,"2,242.50 €",300.0,2025-03-22
P1408,Awesome Steel Tuna,meubles,584.57 €,202.0,2024-12-06
P1941,Sausages,Accessoires,689.17 €,399.0,2023-11-13
P1411,Small Concrete Mouse,accessoires,93.99 €,162.0,2025-07-30
P1750,Gently Used Granite Gloves,accessoires,685.75 €,493.0,2024-12-25
P1172,Metal Chips,Livres,273.70 €,-4.0,2024-05-16
P1125,Shoes,électronique,"2,271.63 €",167.0,2023-11-04
P1696,Concrete Soap,Meubles,"1,434.89 €",26.0,2024-01-22
P1499,Computer,Électroménager,"1,640.60 €",199.0,2024-10-14
P1596,Frozen Bacon,meubles,"2,894.15 €",328.0,2024-08-27
P1971,Shirt,accessoires,"1,540.50 €",93.0,2025-02-22
P1090,Sausages,Meubles,547.04 €,-8.0,2024-03-18
P1811,For repair Bike,accessoires,507.42 €,296.0,2025-04-13
P1181,New Cheese,Electromenager,"2,035.52 €",54.0,2024-11-04
P1363,Wooden Fish,accessoires,"2,596.66 €",,2024-01-23
P1274,Pizza,Cuisine,"1,218.62 €",379.0,2023-12-26
P1752,Used Metal Keyboard,meubles,"2,943.14 €",154.0,2025-03-14
P1962,Wooden Computer,electronique,223.13 €,433.0,2024-07-07
P1069,Gently Used Bacon,accessoires,"2,477.60 €",74.0,2025-02-05
P1291,Soap,Électroménager,"2,179.21 €",,2024-03-20
P1131,Towels,meubles,"1,015.66 €",221.0,2025-02-15
P1300,Used Sausages,Électroménager,860.80 €,303.0,2024-12-13
P1712,For repair Soft Ball,Électroménager,858.43 €,306.0,2025-04-13
P1326,Sleek Concrete Keyboard,Electromenager,591.13 €,109.0,2025-07-05
P1144,Frozen Soap,electronique,"1,686.72 €",,2025-08-30
P1521,Shoes,electronique,794.90 €,,2024-04-04
P1963,Handmade Towels,meubles,"1,102.70 €",229.0,2024-05-02
P1886,Wooden Sausages,Electromenager,"1,083.21 €",136.0,2024-12-17
P1135,Handmade Rubber Pizza,Électroménager,"2,021.45 €",146.0,2025-06-16
P1996,Practical Soap,meubles,"2,275.73 €",-6.0,2025-07-27
P1722,Intelligent Metal Table,accessoires,"1,734.60 €",459.0,2024-10-20
P1164,Tasty Shirt,electronique,"2,166.55 €",147.0,2025-03-19
P1028,Sleek Fresh Cheese,Accessoires,"2,523.81 €",243.0,2023-10-26
P1679,Plastic Sausages,Électroménager,"1,683.66 €",421.0,2025-06-29
P1193,Concrete Towels,Cuisine,"1,765.34 €",145.0,2024-08-04
P1902,Licensed Chair,electronique,"2,441.09 €",224.0,2024-12-14
P1813,Handcrafted Fresh Pizza,Électronique,"2,438.10 €",11.0,2024-06-25
P1433,Bacon,Electromenager,"2,301.15 €",143.0,2025-03-09
P1987,Shirt,Livres,"1,571.02 €",144.0,2024-01-16
P1169,Salad,Meubles,"1,430.43 €",383.0,2024-07-29
P1541,Refined Frozen Pizza,Électroménager,238.37 €,269.0,2024-06-06
P1140,Fresh Pants,meubles,"2,980.24 €",497.0,2025-07-05
P1173,Tuna,Meubles,"2,071.38 €",-8.0,2024-05-16
P1006,Mouse,Accessoires,574.49 €,402.0,2024-10-28
P1820,Salad,electronique,"1,142.08 €",233.0,2024-06-28
P1535,Cotton Gloves,accessoires,"1,946.75 €",328.0,2024-05-11
P1961,Chicken,Accessoires,"1,553.94 €",475.0,2025-04-22
P1855,Bacon,Livres,"1,739.56 €",377.0,2025-01-05
P1073,Handmade Salad,Cuisine,"1,697.89 €",,2024-03-04
P1737,Incredible Fresh Mouse,accessoires,"1,839.93 €",287.0,2023-11-24
P1527,Gorgeous Concrete Bacon,Electromenager,"2,158.10 €",138.0,2025-02-22
P1238,Soft Gloves,Meubles,"2,045.25 €",57.0,2024-03-31
P1145,Granite Soap,Électronique,"2,704.58 €",,2024-02-01
P1852,Metal Chicken,Électroménager,"1,363.77 €",172.0,2024-10-28
P1234,Intelligent Granite Hat,accessoires,"2,914.93 €",313.0,2025-09-10
P1220,Steel Chicken,Livres,809.28 €,230.0,2024-04-15
P1214,Handmade Steel Shirt,électronique,969.67 €,233.0,2024-06-10
P1711,Sausages,électronique,"1,777.31 €",366.0,2025-05-22
P1132,Unbranded Tuna,électronique,"2,696.33 €",340.0,2025-01-13
P1601,Tasty Mouse,Cuisine,"1,142.83 €",-9.0,2025-10-02
P1906,Fantastic Soap,Accessoires,"1,811.79 €",63.0,2025-10-01
P1707,Rubber Sausages,électronique,928.31 €,101.0,2024-08-16
P1422,Keyboard,accessoires,976.05 €,151.0,2024-08-28
P1185,Chips,electronique,265.93 €,126.0,2024-01-22
P1041,Awesome Metal Gloves,Livres,"2,944.80 €",290.0,2025-05-01
P1767,Awesome Mouse,Cuisine,"2,785.68 €",-3.0,2024-05-07
P1108,Fantastic Frozen Table,meubles,850.86 €,179.0,2024-08-14
P1635,Handmade Shirt,accessoires,,487.0,2024-04-14
P1056,Sausages,Électronique,"2,927.56 €",246.0,2025-07-05
P1482,Licensed Car,Électronique,611.61 €,69.0,2024-06-26
P1753,Concrete Keyboard,accessoires,"1,483.90 €",423.0,2024-06-28
P1793,Small Frozen Hat,electromenager,"2,188.60 €",87.0,2025-03-14
P1468,Ergonomic Chips,Électronique,610.96 €,-1.0,2024-11-30
P1926,Incredible Wooden Chair,Électroménager,"2,627.82 €",38.0,2024-01-07
P1435,Generic Soap,Accessoires,89.83 €,80.0,2023-12-19
P1024,Rustic Soft Chicken,Livres,755.86 €,,2025-05-26
P1549,Pants,electromenager,"2,178.29 €",97.0,2025-02-16
P1518,Plastic Computer,Électronique,"2,667.77 €",329.0,2024-12-16
P1837,New Granite Tuna,Électronique,572.25 €,-3.0,2025-04-10
P1667,Fresh Computer,Cuisine,"2,922.11 €",287.0,2024-06-16
P1174,Used Pants,Électronique,932.46 €,284.0,2025-10-12
P1997,Sleek Steel Gloves,Cuisine,210.57 €,309.0,2025-07-21
P1338,Fantastic Cheese,électronique,"1,278.60 €",83.0,2025-07-15
P1051,Practical Table,meubles,606.37 €,52.0,2024-06-14
P1383,Steel Pants,Accessoires,"1,008.30 €",,2024-11-15
P1861,Licensed Cotton Gloves,meubles,"2,480.74 €",52.0,2024-07-16
P1989,Sleek Concrete Soap,Meubles,"1,539.06 €",176.0,2024-09-20
P1682,Generic Shirt,Livres,"1,086.10 €",108.0,2025-10-15
P1995,Plastic Car,Electromenager,460.18 €,130.0,2024-03-29
P1264,Keyboard,electromenager,"2,392.92 €",305.0,2024-03-20
P1708,Salad,électronique,"2,009.84 €",55.0,2024-04-20
P1765,For repair Granite Keyboard,Livres,"2,424.87 €",395.0,2024-01-14
P1736,Licensed Car,Accessoires,434.67 €,426.0,2025-04-15
P1444,Gorgeous Fish,Livres,196.97 €,381.0,2025-04-01
P1395,Table,meubles,304.09 €,460.0,2024-07-18
P1558,Rustic Frozen Chips,électronique,"1,310.31 €",462.0,2025-09-07
P1176,Refined Car,Cuisine,"1,942.07 €",236.0,2023-11-16
P1018,Awesome Table,Meubles,"2,167.99 €",-3.0,2024-02-04
P1979,Metal Computer,Accessoires,743.19 €,292.0,2024-08-20
P1538,Ball,Accessoires,"1,303.43 €",446.0,2025-07-22
P1613,Gorgeous Fish,Électronique,"2,893.92 €",352.0,2024-07-10
P1590,Refined Shoes,electronique,"2,399.77 €",51.0,2025-10-06
P1367,Fish,Électroménager,"2,010.37 €",,2024-04-17
P1083,Bike,Electromenager,951.74 €,313.0,2025-10-05
P1061,New Chicken,electronique,627.57 €,274.0,2025-08-20
P1514,Incredible Bacon,Accessoires,"2,425.14 €",1.0,2025-03-31
P1272,Salad,accessoires,"1,345.65 €",75.0,2024-07-03
P1285,Bike,Électroménager,"2,052.83 €",458.0,2025-03-29
P1360,For repair Granite Keyboard,Cuisine,130.31 €,471.0,2023-10-25
P1354,Cotton Gloves,electronique,"2,316.73 €",319.0,2025-01-21
P1951,Licensed Fresh Chips,Livres,169.51 €,218.0,2024-10-28
P1278,Soap,Accessoires,553.25 €,140.0,2024-08-26
P1368,Bacon,Livres,"1,797.76 €",123.0,2024-07-04
P1664,Fish,accessoires,"1,897.67 €",415.0,2024-09-27
P1618,Ergonomic Rubber Cheese,Électronique,354.82 €,235.0,2023-11-25
P1589,Ball,Livres,252.18 €,20.0,2024-10-08
P1657,Wooden Sausages,Électroménager,981.86 €,115.0,2025-06-24
P1761,Metal Table,Électronique,"2,886.29 €",309.0,2025-02-22
P1456,Soft Towels,Électronique,"1,371.44 €",37.0,2023-11-19
P1393,Cotton Towels,Accessoires,983.88 €,431.0,2024-12-09
P1684,Wooden Bike,Accessoires,"1,570.16 €",10.0,2025-05-11
P1723,Bike,Électronique,"1,589.89 €",,2024-12-08
P1375,Tasty Bacon,electronique,568.85 €,139.0,2024-03-05
P1412,Keyboard,electronique,228.81 €,,2024-10-16
P1074,New Steel Gloves,Electromenager,"2,448.80 €",217.0,2024-09-28
P1947,Granite Computer,Meubles,"1,311.05 €",-3.0,2024-05-26
P1500,Used Tuna,Électronique,"2,409.15 €",68.0,2024-02-05
P1604,Wooden Computer,accessoires,839.94 €,246.0,2025-05-24
P1114,Generic Plastic Pants,Électroménager,"1,943.04 €",-2.0,2024-06-02
P1417,Used Concrete Fish,électronique,"1,192.96 €",79.0,2023-11-17
P1089,Fantastic Cotton Salad,Cuisine,379.00 €,188.0,2024-05-17
P1990,Handcrafted Concrete Towels,Electromenager,"1,489.18 €",211.0,2024-12-31
P1932,Sausages,Électronique,225.68 €,293.0,2024-09-28
P1874,Bacon,Accessoires,"1,396.89 €",263.0,2023-11-13
P1660,Small Bacon,électronique,"1,230.31 €",211.0,2024-04-13
P1011,Licensed Cheese,Électronique,"2,604.98 €",182.0,2024-01-23
P1396,Gorgeous Salad,électronique,"1,941.85 €",53.0,2024-12-22
P1575,Wooden Table,meubles,739.81 €,436.0,2024-08-25
P1042,Cheese,Meubles,"2,427.37 €",445.0,2024-12-12
P1167,Concrete Shoes,Meubles,"1,012.71 €",451.0,2024-11-04
P1416,Gently Used Frozen Sausages,meubles,"1,755.04 €",258.0,2024-11-04
P1967,Licensed Granite Shoes,Cuisine,,376.0,2025-04-02
P1426,Granite Gloves,Livres,"2,754.98 €",293.0,2024-01-18
P1544,Awesome Fresh Fish,Livres,"2,761.36 €",477.0,2024-02-14
P1948,Plastic Cheese,Accessoires,"1,027.55 €",358.0,2024-03-25
P1346,Frozen Shirt,Électroménager,"1,116.34 €",441.0,2025-06-21
P1904,Ergonomic Gloves,Accessoires,"2,571.02 €",448.0,2025-03-11
P1661,Computer,electronique,"1,974.48 €",439.0,2023-12-22
P1257,Salad,electromenager,"2,781.35 €",,2024-12-26
P1335,Practical Granite Towels,Électronique,"2,302.54 €",55.0,2023-12-03
P1015,Rustic Keyboard,meubles,"2,608.96 €",292.0,2024-10-13
P1678,Fantastic Fresh Salad,Electromenager,502.40 €,456.0,2025-06-27
P1324,Concrete Car,Accessoires,391.22 €,267.0,2024-03-28
P1817,Fresh Hat,électronique,"2,869.35 €",,2025-03-02
P1222,Used Plastic Pizza,meubles,"2,209.86 €",203.0,2025-07-31
P1179,Salad,électronique,"2,243.12 €",470.0,2025-02-07
P1099,Practical Mouse,Meubles,330.74 €,296.0,2025-07-20
P1521,Shoes,electronique,794.90 €,,2024-04-04
P1022,Cotton Gloves,Électronique,483.85 €,19.0,2025-09-26
P1356,Gorgeous Tuna,electronique,"1,522.65 €",214.0,2023-12-03
P1720,Soft Towels,electronique,"1,935.54 €",226.0,2024-05-08
P1927,Wooden Sausages,Électroménager,,6.0,2023-11-27
P1757,Fantastic Shirt,Meubles,"2,571.14 €",405.0,2025-06-12
P1340,Pants,Électronique,"1,342.05 €",325.0,2024-03-02
P1431,Practical Pants,Électroménager,"1,315.90 €",399.0,2024-10-26
P1595,Fish,Livres,,335.0,2024-08-29
P1898,Frozen Chips,electronique,"2,957.50 €",64.0,2025-08-08
P1203,Fish,meubles,"1,435.95 €",33.0,2025-06-24
P1760,Handmade Metal Hat,Livres,"2,133.03 €",167.0,2025-03-04
P1093,Tasty Wooden Bacon,Meubles,340.90 €,,2024-02-05
P1602,Fantastic Car,meubles,"2,642.71 €",206.0,2024-05-04
P1068,Sleek Fish,Electromenager,,136.0,2025-07-05
P1953,Metal Shoes,Électronique,"2,025.98 €",222.0,2023-12-12
P1284,Rubber Shirt,accessoires,592.14 €,350.0,2025-07-12
P1865,Gorgeous Shoes,accessoires,352.16 €,151.0,2025-04-30
P1434,Cotton Towels,Électroménager,"2,352.24 €",200.0,2024-10-12
P1153,Licensed Sausages,Cuisine,"2,502.19 €",226.0,2025-05-25
P1075,Generic Tuna,Electromenager,"2,938.34 €",4.0,2024-07-20
P1788,Granite Car,accessoires,466.42 €,478.0,2025-05-18
P1580,Soap,accessoires,"2,158.50 €",,2025-01-02
P1446,Wooden Chicken,Électronique,52.20 €,143.0,2024-05-08
P1188,Concrete Shoes,Électroménager,"2,199.50 €",1.0,2024-01-23
P1271,Used Car,Cuisine,,186.0,2024-04-25
P1236,Cotton Keyboard,accessoires,"2,710.58 €",53.0,2025-06-13
P1487,Refined Salad,electromenager,"2,556.14 €",471.0,2025-05-03
P1559,Fish,électronique,"1,043.21 €",337.0,2025-08-25
P1117,Frozen Chips,electromenager,924.23 €,-8.0,2024-06-28
P1880,Steel Bike,Électroménager,"1,638.95 €",0.0,2024-02-09
P1512,Plastic Sausages,electronique,"2,173.04 €",39.0,2025-02-12
P1597,Used Wooden Keyboard,Cuisine,"1,146.41 €",289.0,2025-03-28
P1643,Licensed Soft Soap,Meubles,"1,344.97 €",159.0,2024-09-17
P1126,Intelligent Cotton Keyboard,Cuisine,"1,303.09 €",142.0,2025-08-25
P1116,Rustic Ball,Électronique,"2,488.13 €",162.0,2025-01-15
P1473,Concrete Bacon,electromenager,"1,371.30 €",,2025-05-27
P1621,Metal Hat,Meubles,"2,977.90 €",420.0,2025-10-09
P1057,Car,Meubles,405.39 €,320.0,2025-04-27
P1728,Shirt,Meubles,147.75 €,315.0,2024-11-05
P1980,Soap,Electromenager,"2,454.69 €",244.0,2025-08-21
P1369,Tasty Granite Towels,Meubles,"1,044.53 €",91.0,2025-07-12
P1268,Keyboard,Électronique,871.57 €,8.0,2025-10-14
P1046,Soft Chips,meubles,119.34 €,152.0,2025-05-25
P1349,Soft Sausages,Électroménager,"2,943.24 €",360.0,2024-07-01
P1195,New Pizza,Électronique,"1,932.96 €",332.0,2024-06-02
P1102,Gently Used Rubber Pizza,Electromenager,"2,020.80 €",383.0,2024-02-21
P1899,Soft Sausages,Electromenager,577.29 €,,2024-08-17
P1745,Fantastic Bike,Cuisine,310.71 €,314.0,2024-03-17
P1893,For repair Bacon,Électronique,"2,614.44 €",106.0,2025-02-20
P1263,Tasty Bike,électronique,122.49 €,219.0,2024-08-16
P1443,Unbranded Fresh Towels,Électroménager,"1,385.01 €",171.0,2024-03-31
P1792,Bacon,Meubles,"1,548.99 €",412.0,2025-06-24
P1304,Generic Metal Towels,accessoires,574.76 €,460.0,2024-01-09
P1341,Metal Gloves,Electromenager,736.08 €,320.0,2024-06-23
P1936,Gorgeous Car,Électroménager,"2,593.65 €",55.0,2024-09-24
P1313,Used Cotton Keyboard,electromenager,"1,640.20 €",41.0,2025-07-06
P1149,Gorgeous Cheese,Électroménager,"2,693.76 €",49.0,2024-09-16
P1124,Shirt,Meubles,"2,445.97 €",411.0,2024-07-27
P1846,Towels,Meubles,534.95 €,350.0,2024-02-03
P1885,Fresh Cheese,meubles,"1,605.79 €",,2024-12-19
P1050,New Frozen Shoes,Électronique,"2,888.91 €",218.0,2025-04-17
P1353,Bacon,electromenager,"2,873.02 €",310.0,2023-11-27
P1998,Gently Used Shirt,Accessoires,250.54 €,466.0,2024-11-05
P1142,Plastic Table,electronique,47.42 €,162.0,2024-01-15
P1470,Intelligent Pizza,Électronique,,459.0,2024-06-11
P1399,Practical Fresh Gloves,electromenager,"2,123.09 €",,2024-03-03
P1929,Soft Hat,accessoires,"1,062.39 €",399.0,2025-01-04
P1320,Handmade Salad,Électroménager,"2,453.85 €",99.0,2025-08-27
P1019,Rustic Gloves,électronique,"1,468.88 €",293.0,2025-05-14
P1907,Ergonomic Frozen Computer,Electromenager,392.01 €,461.0,2025-10-02
P1850,Gently Used Plastic Hat,Electromenager,"1,483.00 €",105.0,2024-09-28
P1894,Salad,Électronique,"1,467.95 €",411.0,2025-01-27
P1407,Awesome Cheese,Livres,"1,494.33 €",94.0,2024-01-13
P1537,Plastic Soap,Accessoires,908.12 €,123.0,2025-03-08
P1693,Handmade Chips,Meubles,"1,971.30 €",171.0,2025-02-03
P1038,Wooden Fish,Électroménager,"2,424.75 €",436.0,2025-06-16
P1175,Chair,meubles,342.61 €,471.0,2024-02-16
P1245,Salad,electronique,"2,034.42 €",330.0,2024-04-21
P1892,Fish,Électroménager,17.36 €,112.0,2024-07-06
P1721,Fresh Keyboard,Électroménager,"1,865.35 €",,2024-07-07
P1943,Cotton Towels,meubles,35.01 €,376.0,2025-01-19
P1924,Refined Cotton Towels,Meubles,779.61 €,7.0,2024-07-07
P1154,Towels,Électronique,"2,039.17 €",338.0,2024-07-20
P1638,Cotton Shoes,Meubles,"2,724.89 €",276.0,2025-10-08
P1287,Metal Bacon,Electromenager,"2,908.04 €",-9.0,2025-05-26
P1625,Concrete Chips,Électronique,752.96 €,116.0,2024-08-31
P1741,Cheese,Accessoires,"1,625.97 €",,2025-06-16
P1569,Handcrafted Chair,Électronique,"2,815.96 €",410.0,2023-12-25
P1801,Hat,Électronique,"1,445.92 €",,2023-11-02
P1017,Metal Gloves,meubles,557.16 €,91.0,2025-04-27
P1127,Pants,meubles,700.23 €,168.0,2024-10-20
P1322,For repair Tuna,electronique,522.13 €,97.0,2024-02-28
P1255,Chair,accessoires,81.50 €,-4.0,2025-04-23
P1790,Unbranded Chips,Électronique,"2,716.84 €",270.0,2024-05-19
P1499,Computer,Électroménager,"1,640.60 €",199.0,2024-10-14
P1190,Fresh Computer,Électronique,"1,493.95 €",-10.0,2025-07-06
P1115,Ball,Electromenager,813.18 €,373.0,2025-06-19
P1665,Concrete Table,électronique,"1,695.26 €",62.0,2025-02-24
P1606,Cheese,Meubles,956.27 €,,2024-04-29
P1180,Table,Électroménager,"1,025.24 €",329.0,2024-04-22
P1301,Table,accessoires,"2,241.95 €",437.0,2024-10-09
P1829,Plastic Computer,Cuisine,267.36 €,,2024-03-28
P1900,Plastic Soap,electromenager,"2,154.51 €",28.0,2025-07-20
P1780,Refined Metal Bacon,Livres,"1,612.59 €",67.0,2023-12-10
P1739,Tasty Shirt,électronique,"2,167.88 €",165.0,2025-08-20
P1715,Bike,Electromenager,,233.0,2024-01-02
P1517,Incredible Gloves,Électroménager,790.70 €,334.0,2024-10-09
P1372,Fantastic Mouse,accessoires,"1,931.00 €",138.0,2025-03-12
P1045,New Metal Chips,Cuisine,148.00 €,489.0,2025-09-04
P1977,Fresh Bike,Électronique,"2,337.85 €",,2024-02-11
P1157,Handmade Cheese,Meubles,"1,702.11 €",145.0,2024-03-31
P1802,Granite Chicken,Électronique,,73.0,2024-02-10
P1171,Frozen Shirt,Cuisine,"2,509.64 €",414.0,2024-04-08
P1016,Concrete Gloves,Électronique,"1,604.34 €",175.0,2025-04-04
P1511,Fantastic Mouse,Accessoires,592.12 €,-6.0,2024-05-22
P1048,Bacon,accessoires,595.04 €,261.0,2025-09-27
P1191,Concrete Salad,Meubles,"1,054.73 €",308.0,2024-02-23
P1905,Pizza,Accessoires,"2,341.61 €",22.0,2024-09-03
P1515,Concrete Table,Électroménager,125.89 €,216.0,2024-10-09
P1734,Table,electronique,463.27 €,130.0,2025-07-03
P1740,Shoes,Accessoires,172.36 €,332.0,2025-03-29
P1480,Awesome Soap,Meubles,"1,292.68 €",133.0,2024-12-03
P1283,Gently Used Pizza,accessoires,,254.0,2023-12-13
P1774,Small Hat,electronique,"2,136.36 €",-6.0,2025-05-06
P1706,Bacon,meubles,626.87 €,270.0,2024-12-20
P1225,Unbranded Chicken,electronique,"2,888.29 €",489.0,2025-09-27
P1026,Cotton Pants,accessoires,993.29 €,-10.0,2024-10-26
P1842,Generic Rubber Keyboard,Accessoires,"1,917.24 €",-8.0,2025-01-29
P1437,Mouse,électronique,971.68 €,295.0,2025-09-12
P1371,New Wooden Pants,electronique,"2,987.63 €",4.0,2024-09-03
P1364,Incredible Granite Pizza,électronique,"2,987.45 €",375.0,2025-07-31
P1229,Cheese,Livres,"2,523.68 €",252.0,2024-06-07
P1037,Ergonomic Keyboard,Électroménager,410.27 €,115.0,2025-07-12
P1669,Licensed Steel Car,Accessoires,"2,135.74 €",,2024-02-05
P1370,Small Chair,Meubles,"2,923.16 €",132.0,2025-03-07
P1374,Granite Chicken,meubles,"1,381.81 €",417.0,2024-08-26
P1469,New Keyboard,accessoires,"2,888.20 €",-10.0,2025-06-29
P1198,Shoes,meubles,"1,762.61 €",338.0,2024-08-21
P1687,Chair,meubles,"1,915.88 €",289.0,2025-06-07
P1916,Metal Cheese,Accessoires,"1,963.87 €",59.0,2024-05-26
P1758,Chips,Electromenager,546.66 €,-9.0,2024-10-05
P1783,Fresh Towels,electromenager,327.31 €,199.0,2025-04-18
P1194,Intelligent Pants,électronique,436.59 €,446.0,2023-12-10
P1920,Unbranded Chips,Electromenager,"1,856.70 €",112.0,2025-05-27
P1930,Pants,Livres,"2,727.07 €",392.0,2024-08-18
P1503,For repair Cheese,accessoires,"1,025.05 €",378.0,2025-10-16
P1687,Chair,meubles,"1,915.88 €",289.0,2025-06-07
P1895,Refined Rubber Ball,meubles,,71.0,2024-06-10
P1579,Plastic Bacon,electromenager,"2,907.14 €",-10.0,2024-01-11
P1160,Gorgeous Gloves,Meubles,"2,678.41 €",492.0,2024-04-26
P1680,Shirt,Livres,"2,360.82 €",252.0,2023-11-05
P1162,Rubber Salad,Livres,"1,428.74 €",384.0,2025-10-06
P1705,For repair Ball,Électronique,"1,260.98 €",171.0,2025-07-27
P1756,Fantastic Table,electromenager,841.66 €,,2023-11-28
P1152,Handcrafted Bike,Électroménager,"2,371.10 €",,2024-01-12
P1800,Gently Used Metal Keyboard,electromenager,"1,527.98 €",101.0,2024-09-09
P1754,Rustic Mouse,meubles,"1,225.22 €",330.0,2025-07-03
P1814,Chips,electromenager,498.25 €,282.0,2024-07-14
P1111,Shirt,Électronique,"1,603.66 €",374.0,2025-06-12
P1226,Generic Cotton Hat,electronique,858.58 €,,2024-02-11
P1883,Unbranded Fresh Shirt,Électroménager,,206.0,2025-03-11
P1103,Table,electronique,612.03 €,86.0,2024-09-10
P1421,Rubber Car,Électronique,"2,036.10 €",132.0,2024-02-07
P1419,Intelligent Soft Pants,accessoires,"2,577.00 €",,2024-04-16
P1808,For repair Towels,Cuisine,"2,131.40 €",191.0,2024-02-13
P1586,Fantastic Metal Keyboard,Electromenager,"1,278.51 €",395.0,2024-06-15
P1076,Practical Chair,Électroménager,"2,199.11 €",,2025-03-31
P1672,Incredible Mouse,Électronique,"2,937.07 €",444.0,2024-03-07
P1119,Towels,Livres,632.83 €,467.0,2024-11-14
P1053,Soft Gloves,electronique,"1,913.00 €",162.0,2025-06-12
P1151,New Soap,Électroménager,"1,115.11 €",353.0,2025-04-13
P1403,Tasty Concrete Pants,Cuisine,"2,569.27 €",93.0,2024-02-01
P1280,Unbranded Granite Hat,Meubles,806.56 €,26.0,2024-07-25
P1207,Rustic Wooden Shoes,Électroménager,"1,955.40 €",375.0,2023-12-08
P1658,Keyboard,Livres,"2,511.03 €",358.0,2023-11-03
P1909,For repair Pants,Meubles,"2,344.61 €",97.0,2023-11-23
P1978,For repair Shoes,Livres,"2,636.66 €",436.0,2024-10-05
P1008,Table,Électroménager,"2,799.53 €",296.0,2025-01-01
P1869,Intelligent Granite Pants,électronique,"1,751.20 €",208.0,2025-04-10
P1036,Rustic Concrete Chair,électronique,"1,469.86 €",345.0,2025-03-28
P1452,Plastic Pizza,Accessoires,,413.0,2025-01-14
P1651,Refined Bacon,Livres,"1,273.34 €",111.0,2024-04-20
P1253,Gently Used Ball,Cuisine,"1,015.50 €",-9.0,2023-12-29
P1303,Rubber Salad,meubles,"2,027.11 €",86.0,2023-12-11
P1910,Tasty Frozen Hat,meubles,"1,232.66 €",460.0,2024-06-11
P1571,Fantastic Hat,electromenager,"1,425.73 €",254.0,2025-03-13
P1623,Mouse,electromenager,"1,303.93 €",409.0,2024-11-20
P1764,Soft Table,Meubles,965.04 €,22.0,2024-08-11
P1992,Small Mouse,electromenager,"2,616.67 €",11.0,2025-01-25
P1262,Generic Steel Ball,Électronique,"2,857.47 €",53.0,2024-10-12
P1610,Used Fresh Table,Meubles,,255.0,2024-10-10
P1297,Computer,Cuisine,597.84 €,260.0,2025-09-26
P1414,Granite Salad,Electromenager,"2,255.51 €",224.0,2025-09-18
P1150,Sleek Car,Meubles,"1,110.28 €",-7.0,2024-09-10
P1848,Cheese,accessoires,"1,172.20 €",278.0,2024-10-15
P1640,Soft Soap,electromenager,"2,061.85 €",208.0,2025-04-29
P1956,Frozen Computer,electromenager,446.95 €,,2025-08-13
P1550,Fish,electronique,"2,651.34 €",200.0,2025-08-28
P1851,Frozen Sausages,accessoires,,289.0,2025-05-20
P1488,Gently Used Shirt,Accessoires,630.25 €,143.0,2024-09-30
P1710,Rubber Fish,accessoires,729.53 €,385.0,2025-08-18
P1147,Awesome Computer,Meubles,622.32 €,387.0,2023-11-15
P1146,New Bacon,electronique,797.63 €,459.0,2024-01-22
P1777,Keyboard,electromenager,,325.0,2025-04-14
P1740,Shoes,Accessoires,172.36 €,332.0,2025-03-29
P1853,Chips,Livres,"1,829.43 €",62.0,2024-04-15
P1950,Ball,accessoires,"2,663.95 €",58.0,2024-09-26
P1659,Granite Towels,Cuisine,"2,297.60 €",280.0,2024-06-29
P1348,Wooden Pizza,Cuisine,422.89 €,345.0,2024-10-23
P1463,Unbranded Pants,Livres,"2,312.43 €",383.0,2025-02-13
P1325,For repair Plastic Mouse,électronique,"2,069.64 €",403.0,2024-09-14
P1186,Handmade Plastic Soap,electromenager,"2,615.47 €",110.0,2024-11-25
P1123,Practical Shoes,Electromenager,"2,793.85 €",367.0,2025-03-24
P1919,Practical Granite Pants,Electromenager,509.29 €,405.0,2025-03-11
P1608,Cotton Sausages,Électronique,635.29 €,215.0,2023-11-10
P1143,Ergonomic Frozen Ball,Électronique,"1,075.01 €",418.0,2025-08-18
P1751,Handcrafted Computer,Livres,"1,903.71 €",,2025-07-16
P1947,Granite Computer,Meubles,"1,311.05 €",-3.0,2024-05-26
P1197,Pants,electromenager,420.06 €,41.0,2024-10-20
P1609,Soft Shirt,Cuisine,"1,507.94 €",441.0,2025-03-10
P1279,Gently Used Keyboard,accessoires,"1,449.36 €",378.0,2024-07-16
P1293,Fresh Fish,électronique,,-3.0,2024-03-11
P1896,Gloves,électronique,629.65 €,468.0,2025-04-13
P1400,Metal Chair,Cuisine,"2,185.30 €",,2025-06-28
P1122,Plastic Chicken,electromenager,759.36 €,499.0,2025-05-19
P1183,Generic Gloves,electronique,"1,434.17 €",-4.0,2025-06-30
P1202,Towels,Electromenager,"1,894.74 €",497.0,2025-07-23
P1438,Small Rubber Sausages,meubles,"2,592.48 €",438.0,2024-10-05
P1246,New Wooden Bacon,electronique,48.07 €,345.0,2024-03-10
P1415,Chair,meubles,"2,475.49 €",188.0,2024-10-13
P1836,Unbranded Granite Ball,Électronique,"2,132.75 €",62.0,2025-01-19
P1824,Fresh Shoes,Meubles,"2,950.81 €",469.0,2024-10-01
P1974,New Metal Shoes,electronique,,223.0,2024-06-18
P1827,Tasty Car,Électronique,796.49 €,358.0,2024-10-23
P1954,Fish,Électronique,"2,955.31 €",187.0,2024-03-19
P1129,Tasty Cotton Gloves,accessoires,382.52 €,,2024-04-15
P1637,Wooden Keyboard,Electromenager,"1,999.69 €",419.0,2025-06-07
P1402,Used Salad,Livres,"2,423.90 €",326.0,2024-11-02
P1844,Awesome Fresh Cheese,Électronique,"2,429.63 €",173.0,2024-01-04
P1830,Salad,Meubles,"2,790.56 €",86.0,2025-08-18
P1735,Mouse,Accessoires,659.45 €,-9.0,2024-11-10
P1981,Sleek Fish,accessoires,"2,318.46 €",278.0,2025-01-06
P1219,Licensed Fresh Keyboard,electromenager,"2,823.19 €",199.0,2024-04-27
P1641,Tasty Tuna,Électroménager,"2,999.96 €",,2024-08-17
P1983,Incredible Salad,Electromenager,"2,474.26 €",139.0,2023-11-02
P1810,Steel Chicken,Électronique,"2,337.02 €",252.0,2023-12-24
P1867,Rubber Car,Meubles,"1,652.79 €",259.0,2025-04-08
P1988,Bacon,Accessoires,"2,119.16 €",123.0,2025-08-26
P1624,For repair Sausages,electronique,"1,446.58 €",178.0,2023-11-21
P1903,Incredible Ball,électronique,80.62 €,341.0,2025-05-01
P1819,Rustic Soft Salad,Électronique,"2,330.32 €",407.0,2023-11-01
P1386,Sleek Soap,Electromenager,"1,334.10 €",203.0,2025-02-12
P1901,Intelligent Soft Keyboard,electronique,"1,230.28 €",212.0,2023-12-29
P1806,Sausages,Électroménager,"1,795.14 €",110.0,2025-05-25
P1509,Mouse,electromenager,"1,409.68 €",311.0,2023-12-30
P1267,Small Table,Cuisine,"2,898.28 €",,2024-08-21
P1881,Gorgeous Cotton Salad,accessoires,"1,695.56 €",237.0,2025-02-08
P1441,Wooden Gloves,Electromenager,"2,722.09 €",309.0,2025-09-10
P1496,Handcrafted Hat,Livres,"2,407.73 €",213.0,2025-04-07
P1112,Rustic Bacon,électronique,177.95 €,28.0,2023-11-13
P1691,Gorgeous Metal Hat,accessoires,"2,599.14 €",200.0,2025-08-18
P1232,Bike,Électroménager,"2,743.66 €",349.0,2025-08-12
P1935,Cotton Chair,électronique,"2,078.23 €",497.0,2024-05-30
P1607,Fresh Cheese,Meubles,256.44 €,34.0,2024-02-08
P1671,Intelligent Concrete Computer,Électronique,"1,935.07 €",260.0,2024-12-25
P1373,Rubber Mouse,Électronique,"1,550.75 €",,2024-03-02
P1663,Generic Soft Chips,electromenager,"1,750.59 €",471.0,2024-08-23
P1908,Pizza,Cuisine,,,2024-04-08
P1233,Wooden Car,Livres,"2,822.71 €",238.0,2024-06-01
P1938,Plastic Tuna,électronique,745.19 €,-9.0,2024-06-01
P1845,Gently Used Pizza,electromenager,348.35 €,348.0,2024-01-10
P1676,Rubber Fish,Meubles,979.69 €,387.0,2024-05-29
P1317,For repair Fresh Ball,Meubles,408.40 €,300.0,2025-04-08
P1648,Used Chicken,Electromenager,55.98 €,234.0,2023-12-08
P1410,Metal Mouse,electromenager,155.50 €,138.0,2025-04-17
P1965,Small Computer,electromenager,"2,506.84 €",24.0,2025-01-21
P1709,Intelligent Concrete Table,accessoires,"1,458.27 €",-10.0,2024-05-15
P1358,Incredible Plastic Cheese,electronique,463.38 €,309.0,2023-11-26
P1258,Incredible Computer,électronique,"2,506.12 €",342.0,2024-07-02
P1744,Refined Table,Électronique,"1,176.52 €",344.0,2025-04-13
P1627,Wooden Bacon,Électroménager,568.02 €,325.0,2023-12-04
P1632,Metal Sausages,Meubles,572.79 €,178.0,2024-01-04
P1282,Cheese,électronique,"2,433.26 €",437.0,2024-09-15
P1376,Mouse,accessoires,715.21 €,129.0,2025-06-03
P1384,Gloves,electronique,"1,004.28 €",216.0,2025-09-11
P1224,New Fresh Pizza,Électroménager,"1,640.21 €",29.0,2025-09-27
P1101,Used Fish,Meubles,"2,275.88 €",146.0,2023-11-29
P1876,Steel Shirt,électronique,971.63 €,482.0,2025-03-25
P1472,Soft Hat,accessoires,119.03 €,437.0,2023-12-21
P1347,Used Towels,Accessoires,"2,891.99 €",197.0,2025-08-30
P1505,Pizza,Électronique,"1,560.07 €",338.0,2025-06-03
P1639,Cheese,electromenager,"1,092.68 €",458.0,2024-09-01
P1277,Soft Soap,Électronique,"1,722.30 €",30.0,2024-03-12
P1797,Small Chair,Électronique,259.08 €,422.0,2024-06-11
P1999,Salad,Electromenager,"2,196.73 €",,2024-10-16
P1973,Soft Ball,meubles,"2,463.30 €",-5.0,2024-08-28
P1619,Sleek Plastic Salad,electromenager,"2,558.50 €",38.0,2025-10-13
P1952,Rubber Pants,meubles,"2,134.18 €",-5.0,2025-03-06
P1864,Handcrafted Pants,électronique,"2,036.67 €",471.0,2025-10-13
P1645,Small Chicken,Cuisine,"1,481.37 €",446.0,2023-11-19
P1912,Pants,Électroménager,94.71 €,235.0,2024-04-23
P1556,Practical Ball,meubles,"1,041.16 €",24.0,2024-04-23
P1681,Concrete Towels,Cuisine,"2,395.68 €",78.0,2024-10-03
P1577,Chicken,Électronique,948.73 €,427.0,2024-08-22
P1795,Bacon,Électronique,"1,821.36 €",254.0,2025-02-19
P1085,Licensed Shoes,Electromenager,"1,544.67 €",360.0,2025-05-21
P1242,Granite Shirt,accessoires,"1,265.12 €",225.0,2025-02-26
P1698,Handmade Plastic Cheese,Accessoires,"2,173.80 €",-1.0,2023-12-14
P1940,Licensed Soft Bacon,Accessoires,769.07 €,129.0,2025-08-04
P1159,Incredible Soft Shirt,Livres,"2,189.60 €",202.0,2024-07-07
P1524,Practical Fresh Car,accessoires,"2,084.19 €",154.0,2025-09-11
P1035,New Bacon,électronique,611.50 €,305.0,2025-06-23
P1540,Wooden Car,Électronique,"2,618.50 €",415.0,2024-03-29
P1170,Intelligent Ball,Livres,"1,965.91 €",331.0,2024-01-21
P1654,Incredible Computer,electronique,,325.0,2024-01-23
P1970,Refined Soft Soap,accessoires,,42.0,2024-02-19
P1923,Used Plastic Shirt,Meubles,"2,128.28 €",110.0,2024-07-10
P1913,Bike,Electromenager,"1,092.32 €",288.0,2024-04-23
P1899,Soft Sausages,Electromenager,577.29 €,,2024-08-17
P1733,Intelligent Bike,Électroménager,"2,395.57 €",479.0,2024-06-02
P1095,Fish,Électroménager,"2,985.96 €",229.0,2024-11-23
P1563,Rubber Sausages,Livres,665.70 €,198.0,2024-05-05
P1240,Awesome Cotton Pants,Cuisine,"2,118.44 €",125.0,2024-04-12
P1742,Plastic Chips,accessoires,"2,598.06 €",146.0,2024-12-20
P1863,Refined Steel Table,Cuisine,795.42 €,96.0,2025-03-20
P1574,Steel Chair,Electromenager,"1,478.73 €",336.0,2024-06-05
P1690,Granite Computer,Livres,"1,442.38 €",63.0,2024-10-24
P1460,Bike,Accessoires,"2,772.41 €",470.0,2025-09-10
P1553,Cotton Chair,électronique,"1,736.54 €",-6.0,2025-09-02
P1857,New Tuna,Cuisine,"1,982.45 €",469.0,2025-01-13
P1944,Steel Cheese,Meubles,"1,948.89 €",-7.0,2025-01-22
P1206,Sleek Soap,accessoires,"2,020.18 €",101.0,2024-06-18
P1392,Ergonomic Cotton Cheese,Meubles,104.06 €,,2024-07-07
P1794,Small Chicken,Cuisine,"1,245.32 €",406.0,2023-12-29
P1870,Car,accessoires,"1,666.81 €",456.0,2024-02-22
P1397,Unbranded Granite Cheese,Meubles,566.37 €,162.0,2025-09-25
P1766,Rustic Mouse,Livres,"1,149.10 €",47.0,2023-11-05
P1914,New Steel Soap,meubles,"1,135.64 €",-10.0,2025-05-28
P1217,Frozen Table,Meubles,43.04 €,125.0,2024-01-11
P1004,Tuna,accessoires,"2,642.76 €",19.0,2023-12-20
P1768,Awesome Plastic Pants,Électronique,695.31 €,326.0,2024-12-25
P1642,Awesome Fresh Car,Accessoires,"2,270.88 €",76.0,2024-03-28
P1964,Cotton Chair,accessoires,"1,734.12 €",-1.0,2023-12-23
P1612,Refined Shirt,Electromenager,787.53 €,449.0,2025-09-13
P1738,Small Bacon,Electromenager,"2,147.35 €",175.0,2024-12-03
P1546,Steel Hat,Cuisine,"1,374.90 €",353.0,2025-05-23
P1725,Licensed Cotton Chips,accessoires,"1,292.92 €",159.0,2024-02-19
P1985,Awesome Chips,accessoires,532.87 €,262.0,2024-04-18
P1683,Incredible Concrete Ball,Cuisine,310.78 €,,2025-05-04
P1098,Wooden Pants,électronique,"1,709.42 €",,2024-07-10
P1804,Car,electromenager,"1,305.62 €",131.0,2024-04-24
P1727,Ergonomic Steel Chips,Livres,"1,461.64 €",-2.0,2025-04-05
P1573,Rustic Plastic Pants,Electromenager,984.88 €,,2024-04-26
P1406,Cotton Bike,accessoires,"2,401.98 €",332.0,2024-05-23
P1502,Cotton Chips,meubles,484.14 €,475.0,2025-03-04
P1047,Ball,électronique,"1,299.04 €",,2024-06-06
P1032,Unbranded Plastic Mouse,meubles,750.47 €,467.0,2025-07-16
P1779,Frozen Table,meubles,995.41 €,299.0,2024-05-08
P1839,Soft Mouse,electronique,"1,412.35 €",462.0,2024-06-04
P1200,Rubber Car,accessoires,"1,206.70 €",468.0,2025-02-03
P1134,Rustic Wooden Car,électronique,"2,645.14 €",333.0,2024-03-08
P1027,Licensed Wooden Soap,Électroménager,"1,873.74 €",4.0,2025-05-29
P1946,Small Bike,meubles,"1,634.26 €",218.0,2024-10-17
P1230,Small Metal Towels,Électronique,"2,522.01 €",196.0,2025-07-09
P1489,Frozen Chair,Livres,712.88 €,476.0,2024-04-09
P1772,For repair Ball,Cuisine,179.69 €,,2024-05-22
P1378,Unbranded Steel Fish,Cuisine,"2,341.48 €",459.0,2025-05-09
P1288,Wooden Car,meubles,"1,905.38 €",428.0,2025-08-13
P1418,Rubber Bacon,Accessoires,910.93 €,355.0,2025-08-08
P1674,Towels,Électronique,"2,483.92 €",221.0,2024-10-10
P1391,Metal Ball,Meubles,"2,781.26 €",290.0,2025-03-29
P1592,Used Cheese,electronique,"2,878.78 €",247.0,2024-11-02
P1498,Handcrafted Hat,Livres,"2,854.81 €",105.0,2023-12-29
P1138,Bike,meubles,17.02 €,426.0,2024-01-03
P1062,Generic Soft Shirt,electronique,"1,070.92 €",166.0,2023-12-26
P1471,For repair Frozen Mouse,accessoires,"1,916.76 €",154.0,2025-07-13
P1647,Concrete Shirt,electromenager,346.77 €,240.0,2024-06-03
P1128,Bike,Cuisine,"2,230.86 €",165.0,2025-09-01
P1328,Salad,Electromenager,"2,575.66 €",412.0,2024-03-16
P1520,Awesome Pants,Accessoires,"2,938.39 €",317.0,2024-04-01
P1838,Rustic Table,Accessoires,325.54 €,160.0,2023-10-31
P1139,Gloves,Meubles,"1,076.53 €",481.0,2025-05-10
P1064,Steel Gloves,electromenager,"1,167.98 €",486.0,2024-12-02
P1812,Gorgeous Shirt,Électroménager,395.45 €,139.0,2024-04-19
P1014,Soap,electromenager,453.67 €,,2023-11-30
P1156,Fresh Soap,meubles,"2,549.83 €",297.0,2025-03-01
P1040,Shoes,accessoires,"1,356.04 €",,2025-01-24
P1492,Licensed Chair,Électroménager,946.33 €,216.0,2024-09-24
P1379,Fantastic Towels,accessoires,"2,948.62 €",334.0,2025-01-17
P1187,Concrete Hat,electromenager,"2,321.97 €",454.0,2024-02-29
P1763,Steel Computer,Meubles,298.61 €,367.0,2024-04-29
P1216,Sausages,meubles,"1,783.84 €",-3.0,2025-09-28
P1921,Plastic Bacon,accessoires,18.44 €,371.0,2025-08-11
P1791,Steel Fish,électronique,"1,743.50 €",94.0,2025-09-17
P1052,Incredible Cheese,electronique,666.72 €,409.0,2024-03-17
P1878,Gently Used Chair,Livres,951.38 €,438.0,2024-09-25
P1337,Hat,électronique,,431.0,2024-10-13
P1748,Incredible Metal Ball,meubles,"2,000.41 €",196.0,2025-07-30
P1719,Plastic Shoes,Meubles,826.13 €,382.0,2024-03-18
P1724,Practical Wooden Shirt,meubles,527.51 €,,2024-06-13
P1295,Pants,accessoires,"1,976.33 €",299.0,2024-06-07
P1701,Handmade Rubber Towels,Meubles,"1,389.27 €",94.0,2025-01-19
P1251,Hat,Meubles,768.16 €,227.0,2025-07-25
P1726,Fresh Computer,Électronique,"1,183.92 €",,2023-11-14
P1461,Intelligent Car,Meubles,"2,329.85 €",76.0,2024-07-10
P1455,Practical Concrete Tuna,Livres,680.74 €,241.0,2024-08-29
P1270,Handcrafted Plastic Fish,Accessoires,329.59 €,316.0,2024-06-29
P1815,Plastic Sausages,Meubles,"2,465.35 €",492.0,2024-05-30
P1862,Incredible Steel Ball,Livres,538.44 €,51.0,2024-07-13
P1269,Plastic Gloves,electronique,"1,300.45 €",,2024-05-24
P1527,Gorgeous Concrete Bacon,Electromenager,"2,158.10 €",138.0,2025-02-22
P1201,Frozen Table,Électroménager,901.10 €,70.0,2025-03-07
P1161,Mouse,Cuisine,"2,211.37 €",42.0,2024-06-23
P1555,Ergonomic Plastic Gloves,Livres,"1,528.41 €",498.0,2025-10-10
P1729,Keyboard,Meubles,"1,672.02 €",20.0,2025-02-28
P1401,Licensed Cotton Fish,Accessoires,"1,422.14 €",82.0,2024-01-24
P1702,Computer,Accessoires,314.38 €,32.0,2024-12-21
P1476,Handmade Ball,électronique,969.61 €,303.0,2024-02-25
P1821,Licensed Rubber Sausages,Livres,"2,466.24 €",427.0,2024-02-24
P1771,Concrete Computer,Cuisine,"1,148.04 €",214.0,2025-09-04
P1105,Refined Soft Soap,electronique,,324.0,2024-11-23
P1565,Steel Towels,Accessoires,"2,370.21 €",86.0,2024-12-16
P1389,Frozen Keyboard,Meubles,213.37 €,-7.0,2023-11-01
P1001,New Tuna,meubles,"2,976.27 €",491.0,2025-08-15
P1859,Cotton Soap,Cuisine,446.84 €,377.0,2025-06-13
P1974,New Metal Shoes,electronique,,223.0,2024-06-18
P1561,Practical Fresh Bacon,Cuisine,"2,879.20 €",,2023-12-14
P1931,Tuna,Accessoires,"1,909.21 €",389.0,2024-01-13
P1080,Rubber Chips,Électroménager,380.63 €,64.0,2024-04-04
P1205,Rustic Fresh Pants,accessoires,"2,294.80 €",46.0,2025-06-20
P1034,Awesome Cotton Bike,Meubles,433.89 €,,2024-05-21
P1942,Sleek Soft Table,Livres,"2,081.79 €",282.0,2025-07-11
P1775,Metal Ball,Meubles,131.75 €,134.0,2025-06-18
P1508,Rubber Pants,electromenager,632.43 €,-4.0,2025-06-12
P1427,New Soft Sausages,Accessoires,"1,365.91 €",390.0,2025-07-22
P1454,Cotton Chicken,Électroménager,"2,666.95 €",118.0,2023-12-17
P1584,Awesome Ball,Cuisine,47.62 €,117.0,2025-01-26
P1366,Soft Soap,Cuisine,"2,326.70 €",185.0,2024-07-27
P1091,Licensed Concrete Sausages,Cuisine,"1,966.81 €",430.0,2024-12-08
P1339,Mouse,Electromenager,"1,085.32 €",492.0,2023-12-15
P1897,Wooden Sausages,Cuisine,235.96 €,42.0,2025-06-23
P1564,Fantastic Concrete Soap,Livres,53.46 €,95.0,2025-04-29
P1345,Fresh Ball,Electromenager,"2,292.07 €",82.0,2024-04-08
P1776,Rustic Frozen Soap,Électronique,,266.0,2025-01-12
P1241,Tasty Gloves,Électroménager,851.87 €,,2023-12-23
P1013,Concrete Gloves,meubles,"2,884.44 €",-4.0,2025-01-28
P1315,Handcrafted Keyboard,électronique,405.65 €,191.0,2025-02-14
P1600,Handcrafted Fresh Tuna,Cuisine,"1,665.78 €",34.0,2024-12-15
P1387,Metal Bike,Cuisine,423.47 €,283.0,2025-03-21
P1273,Cotton Shirt,Livres,926.26 €,218.0,2025-08-28
P1166,Concrete Hat,Electromenager,"1,941.41 €",111.0,2024-05-19
P1840,Generic Concrete Table,Meubles,"1,808.23 €",308.0,2025-07-10
P1020,Intelligent Steel Pants,Cuisine,"2,583.18 €",48.0,2023-11-19
P1646,Chips,electronique,"1,857.54 €",193.0,2025-10-13
P1818,Practical Concrete Soap,Livres,662.08 €,31.0,2025-01-04
P1484,New Wooden Keyboard,Meubles,648.65 €,133.0,2025-10-14
P1312,Awesome Frozen Pizza,Cuisine,"1,485.69 €",,2024-08-23
P1504,For repair Bacon,meubles,"1,660.94 €",201.0,2024-08-07
P1831,Pizza,Électronique,608.50 €,97.0,2025-06-21
P1243,Ergonomic Salad,accessoires,374.73 €,211.0,2024-10-02
P1566,Tasty Keyboard,électronique,"1,696.14 €",86.0,2025-02-16
P1875,Car,électronique,,258.0,2025-02-22
P1562,Handcrafted Hat,accessoires,"2,474.17 €",,2025-03-14
P1235,Rustic Ball,electronique,"2,878.99 €",388.0,2024-07-30
P1686,For repair Table,Cuisine,"2,820.28 €",468.0,2025-05-22
P1957,Rubber Hat,Electromenager,"1,993.94 €",342.0,2024-07-17
P1189,New Bike,Cuisine,"1,798.31 €",30.0,2025-06-28
P1975,Handcrafted Pizza,Électroménager,"2,200.81 €",319.0,2025-01-15
P1699,Awesome Rubber Towels,Électroménager,"2,451.83 €",41.0,2024-01-04
P1510,New Plastic Tuna,meubles,"1,089.62 €",473.0,2024-11-02
P1474,Sleek Rubber Towels,Livres,"2,451.00 €",122.0,2024-06-05
P1856,Frozen Computer,Meubles,"1,812.27 €",427.0,2024-06-04
P1747,Licensed Steel Gloves,Électronique,240.17 €,202.0,2025-10-15
P1252,Refined Mouse,electromenager,"1,771.67 €",277.0,2024-05-11
P1021,Salad,electronique,"2,586.65 €",,2024-07-17
P1459,Intelligent Cotton Shoes,électronique,846.79 €,,2025-10-17
P1276,Fresh Ball,Livres,"2,799.34 €",384.0,2024-03-30
P1955,Granite Chair,Meubles,"2,077.73 €",239.0,2025-04-15
P1385,Salad,accessoires,549.69 €,460.0,2025-08-07
P1805,Unbranded Soft Towels,electromenager,"1,883.80 €",332.0,2025-04-12
P1343,Car,meubles,"2,877.30 €",376.0,2025-07-20
P1769,Tasty Rubber Mouse,Accessoires,"2,971.42 €",,2024-11-09
P1130,Chicken,Électronique,"2,138.59 €",222.0,2024-09-17
P1871,For repair Cheese,Électronique,"2,241.14 €",319.0,2024-01-09
P1087,Granite Gloves,accessoires,"1,507.27 €",103.0,2025-02-28
P1330,Gently Used Frozen Chicken,Électronique,989.70 €,237.0,2023-11-27
P1466,Gorgeous Ball,électronique,"1,757.14 €",254.0,2025-09-04
P1121,Sleek Chicken,Livres,724.82 €,235.0,2024-11-06
P1299,Soft Bike,Meubles,420.26 €,254.0,2024-12-10
P1860,Small Granite Bacon,meubles,"1,627.72 €",439.0,2023-10-26
